[
{
    "model": "timetable.semester",
    "pk": 4,
    "fields": {
        "name": "Fall",
        "year": "2017"
    }
},
{
    "model": "timetable.offering",
    "pk": 814,
    "fields": {
        "section": 1115,
        "day": "W",
        "time_start": "10:00",
        "time_end": "10:50",
        "location": ""
    }
},
{
    "model": "timetable.offering",
    "pk": 815,
    "fields": {
        "section": 1115,
        "day": "F",
        "time_start": "10:00",
        "time_end": "10:50",
        "location": ""
    }
},
{
    "model": "timetable.offering",
    "pk": 816,
    "fields": {
        "section": 1115,
        "day": "T",
        "time_start": "16:30",
        "time_end": "17:20",
        "location": ""
    }
},
{
    "model": "timetable.offering",
    "pk": 813,
    "fields": {
        "section": 1115,
        "day": "M",
        "time_start": "10:00",
        "time_end": "10:50",
        "location": ""
    }
},
{
    "model": "timetable.offering",
    "pk": 817,
    "fields": {
        "section": 1116,
        "day": "M",
        "time_start": "10:00",
        "time_end": "10:50",
        "location": ""
    }
},
{
    "model": "timetable.offering",
    "pk": 818,
    "fields": {
        "section": 1116,
        "day": "W",
        "time_start": "10:00",
        "time_end": "10:50",
        "location": ""
    }
},
{
    "model": "timetable.offering",
    "pk": 819,
    "fields": {
        "section": 1116,
        "day": "F",
        "time_start": "10:00",
        "time_end": "10:50",
        "location": ""
    }
},
{
    "model": "timetable.offering",
    "pk": 820,
    "fields": {
        "section": 1116,
        "day": "T",
        "time_start": "15:00",
        "time_end": "15:50",
        "location": ""
    }
},
{
    "model": "timetable.offering",
    "pk": 821,
    "fields": {
        "section": 1117,
        "day": "M",
        "time_start": "10:00",
        "time_end": "10:50",
        "location": ""
    }
},
{
    "model": "timetable.offering",
    "pk": 822,
    "fields": {
        "section": 1117,
        "day": "W",
        "time_start": "10:00",
        "time_end": "10:50",
        "location": ""
    }
},
{
    "model": "timetable.offering",
    "pk": 823,
    "fields": {
        "section": 1117,
        "day": "F",
        "time_start": "10:00",
        "time_end": "10:50",
        "location": ""
    }
},
{
    "model": "timetable.offering",
    "pk": 824,
    "fields": {
        "section": 1117,
        "day": "R",
        "time_start": "16:30",
        "time_end": "17:20",
        "location": ""
    }
},
{
    "model": "timetable.offering",
    "pk": 825,
    "fields": {
        "section": 1118,
        "day": "M",
        "time_start": "10:00",
        "time_end": "10:50",
        "location": ""
    }
},
{
    "model": "timetable.offering",
    "pk": 827,
    "fields": {
        "section": 1118,
        "day": "F",
        "time_start": "10:00",
        "time_end": "10:50",
        "location": ""
    }
},
{
    "model": "timetable.offering",
    "pk": 828,
    "fields": {
        "section": 1118,
        "day": "R",
        "time_start": "15:00",
        "time_end": "15:50",
        "location": ""
    }
},
{
    "model": "timetable.offering",
    "pk": 826,
    "fields": {
        "section": 1118,
        "day": "W",
        "time_start": "10:00",
        "time_end": "10:50",
        "location": ""
    }
},
{
    "model": "timetable.offering",
    "pk": 829,
    "fields": {
        "section": 1119,
        "day": "M",
        "time_start": "11:00",
        "time_end": "11:50",
        "location": ""
    }
},
{
    "model": "timetable.offering",
    "pk": 830,
    "fields": {
        "section": 1119,
        "day": "W",
        "time_start": "11:00",
        "time_end": "11:50",
        "location": ""
    }
},
{
    "model": "timetable.offering",
    "pk": 831,
    "fields": {
        "section": 1119,
        "day": "F",
        "time_start": "11:00",
        "time_end": "11:50",
        "location": ""
    }
},
{
    "model": "timetable.offering",
    "pk": 832,
    "fields": {
        "section": 1119,
        "day": "R",
        "time_start": "13:30",
        "time_end": "14:20",
        "location": ""
    }
},
{
    "model": "timetable.offering",
    "pk": 833,
    "fields": {
        "section": 1120,
        "day": "M",
        "time_start": "11:00",
        "time_end": "11:50",
        "location": ""
    }
},
{
    "model": "timetable.offering",
    "pk": 834,
    "fields": {
        "section": 1120,
        "day": "W",
        "time_start": "11:00",
        "time_end": "11:50",
        "location": ""
    }
},
{
    "model": "timetable.offering",
    "pk": 835,
    "fields": {
        "section": 1120,
        "day": "F",
        "time_start": "11:00",
        "time_end": "11:50",
        "location": ""
    }
},
{
    "model": "timetable.offering",
    "pk": 836,
    "fields": {
        "section": 1120,
        "day": "R",
        "time_start": "16:30",
        "time_end": "17:20",
        "location": ""
    }
},
{
    "model": "timetable.offering",
    "pk": 837,
    "fields": {
        "section": 1121,
        "day": "M",
        "time_start": "11:00",
        "time_end": "11:50",
        "location": ""
    }
},
{
    "model": "timetable.offering",
    "pk": 838,
    "fields": {
        "section": 1121,
        "day": "W",
        "time_start": "11:00",
        "time_end": "11:50",
        "location": ""
    }
},
{
    "model": "timetable.offering",
    "pk": 840,
    "fields": {
        "section": 1121,
        "day": "R",
        "time_start": "15:00",
        "time_end": "15:50",
        "location": ""
    }
},
{
    "model": "timetable.offering",
    "pk": 839,
    "fields": {
        "section": 1121,
        "day": "F",
        "time_start": "11:00",
        "time_end": "11:50",
        "location": ""
    }
},
{
    "model": "timetable.offering",
    "pk": 841,
    "fields": {
        "section": 1122,
        "day": "M",
        "time_start": "11:00",
        "time_end": "11:50",
        "location": ""
    }
},
{
    "model": "timetable.offering",
    "pk": 842,
    "fields": {
        "section": 1122,
        "day": "W",
        "time_start": "11:00",
        "time_end": "11:50",
        "location": ""
    }
},
{
    "model": "timetable.offering",
    "pk": 843,
    "fields": {
        "section": 1122,
        "day": "F",
        "time_start": "11:00",
        "time_end": "11:50",
        "location": ""
    }
},
{
    "model": "timetable.offering",
    "pk": 844,
    "fields": {
        "section": 1122,
        "day": "T",
        "time_start": "15:00",
        "time_end": "15:50",
        "location": ""
    }
},
{
    "model": "timetable.offering",
    "pk": 845,
    "fields": {
        "section": 1123,
        "day": "M",
        "time_start": "11:00",
        "time_end": "11:50",
        "location": ""
    }
},
{
    "model": "timetable.offering",
    "pk": 846,
    "fields": {
        "section": 1123,
        "day": "W",
        "time_start": "11:00",
        "time_end": "11:50",
        "location": ""
    }
},
{
    "model": "timetable.offering",
    "pk": 847,
    "fields": {
        "section": 1123,
        "day": "F",
        "time_start": "11:00",
        "time_end": "11:50",
        "location": ""
    }
},
{
    "model": "timetable.offering",
    "pk": 848,
    "fields": {
        "section": 1123,
        "day": "T",
        "time_start": "13:30",
        "time_end": "14:20",
        "location": ""
    }
},
{
    "model": "timetable.offering",
    "pk": 809,
    "fields": {
        "section": 1114,
        "day": "M",
        "time_start": "09:00",
        "time_end": "09:50",
        "location": ""
    }
},
{
    "model": "timetable.offering",
    "pk": 810,
    "fields": {
        "section": 1114,
        "day": "W",
        "time_start": "09:00",
        "time_end": "09:50",
        "location": ""
    }
},
{
    "model": "timetable.offering",
    "pk": 811,
    "fields": {
        "section": 1114,
        "day": "F",
        "time_start": "09:00",
        "time_end": "09:50",
        "location": ""
    }
},
{
    "model": "timetable.offering",
    "pk": 812,
    "fields": {
        "section": 1114,
        "day": "T",
        "time_start": "13:30",
        "time_end": "14:20",
        "location": ""
    }
},
{
    "model": "timetable.offering",
    "pk": 1091,
    "fields": {
        "section": 1200,
        "day": "W",
        "time_start": "15:00",
        "time_end": "16:00",
        "location": ""
    }
},
{
    "model": "timetable.offering",
    "pk": 1090,
    "fields": {
        "section": 1199,
        "day": "M",
        "time_start": "15:00",
        "time_end": "17:30",
        "location": ""
    }
},
{
    "model": "timetable.offering",
    "pk": 1051,
    "fields": {
        "section": 1179,
        "day": "M",
        "time_start": "13:30",
        "time_end": "14:45",
        "location": ""
    }
},
{
    "model": "timetable.offering",
    "pk": 1052,
    "fields": {
        "section": 1179,
        "day": "W",
        "time_start": "13:30",
        "time_end": "14:45",
        "location": ""
    }
},
{
    "model": "timetable.offering",
    "pk": 1053,
    "fields": {
        "section": 1179,
        "day": "F",
        "time_start": "13:30",
        "time_end": "14:20",
        "location": ""
    }
},
{
    "model": "timetable.section",
    "pk": 1115,
    "fields": {
        "course": 423,
        "meeting_section": "(01)",
        "size": 30,
        "enrolment": 2,
        "waitlist": 0,
        "waitlist_size": -1,
        "section_type": "L",
        "instructors": "R. Brown",
        "semester": 4,
        "was_full": false
    }
},
{
    "model": "timetable.section",
    "pk": 1116,
    "fields": {
        "course": 423,
        "meeting_section": "(02)",
        "size": 30,
        "enrolment": 1,
        "waitlist": 0,
        "waitlist_size": -1,
        "section_type": "L",
        "instructors": "R. Brown",
        "semester": 4,
        "was_full": false
    }
},
{
    "model": "timetable.section",
    "pk": 1117,
    "fields": {
        "course": 423,
        "meeting_section": "(03)",
        "size": 30,
        "enrolment": 1,
        "waitlist": 0,
        "waitlist_size": -1,
        "section_type": "L",
        "instructors": "R. Brown",
        "semester": 4,
        "was_full": false
    }
},
{
    "model": "timetable.section",
    "pk": 1118,
    "fields": {
        "course": 423,
        "meeting_section": "(04)",
        "size": 30,
        "enrolment": 1,
        "waitlist": 0,
        "waitlist_size": -1,
        "section_type": "L",
        "instructors": "R. Brown",
        "semester": 4,
        "was_full": false
    }
},
{
    "model": "timetable.section",
    "pk": 1119,
    "fields": {
        "course": 423,
        "meeting_section": "(05)",
        "size": 30,
        "enrolment": 4,
        "waitlist": 0,
        "waitlist_size": -1,
        "section_type": "L",
        "instructors": "R. Brown",
        "semester": 4,
        "was_full": false
    }
},
{
    "model": "timetable.section",
    "pk": 1120,
    "fields": {
        "course": 423,
        "meeting_section": "(06)",
        "size": 30,
        "enrolment": 2,
        "waitlist": 0,
        "waitlist_size": -1,
        "section_type": "L",
        "instructors": "R. Brown",
        "semester": 4,
        "was_full": false
    }
},
{
    "model": "timetable.section",
    "pk": 1121,
    "fields": {
        "course": 423,
        "meeting_section": "(07)",
        "size": 30,
        "enrolment": 0,
        "waitlist": 0,
        "waitlist_size": -1,
        "section_type": "L",
        "instructors": "R. Brown",
        "semester": 4,
        "was_full": false
    }
},
{
    "model": "timetable.section",
    "pk": 1122,
    "fields": {
        "course": 423,
        "meeting_section": "(08)",
        "size": 30,
        "enrolment": 2,
        "waitlist": 0,
        "waitlist_size": -1,
        "section_type": "L",
        "instructors": "R. Brown",
        "semester": 4,
        "was_full": false
    }
},
{
    "model": "timetable.section",
    "pk": 1123,
    "fields": {
        "course": 423,
        "meeting_section": "(09)",
        "size": 30,
        "enrolment": 2,
        "waitlist": 0,
        "waitlist_size": -1,
        "section_type": "L",
        "instructors": "R. Brown",
        "semester": 4,
        "was_full": false
    }
},
{
    "model": "timetable.section",
    "pk": 1114,
    "fields": {
        "course": 422,
        "meeting_section": "(01)",
        "size": 30,
        "enrolment": 3,
        "waitlist": 0,
        "waitlist_size": -1,
        "section_type": "L",
        "instructors": "Staff",
        "semester": 4,
        "was_full": false
    }
},
{
    "model": "timetable.section",
    "pk": 1200,
    "fields": {
        "course": 461,
        "meeting_section": "(01)",
        "size": 25,
        "enrolment": 0,
        "waitlist": -1,
        "waitlist_size": -1,
        "section_type": "L",
        "instructors": "M. Maggioni, J. Murphy",
        "semester": 4,
        "was_full": false
    }
},
{
    "model": "timetable.section",
    "pk": 1199,
    "fields": {
        "course": 460,
        "meeting_section": "(01)",
        "size": 25,
        "enrolment": 0,
        "waitlist": -1,
        "waitlist_size": -1,
        "section_type": "L",
        "instructors": "C. Mese, W. Wilson",
        "semester": 4,
        "was_full": false
    }
},
{
    "model": "timetable.section",
    "pk": 1179,
    "fields": {
        "course": 440,
        "meeting_section": "(01)",
        "size": 20,
        "enrolment": 16,
        "waitlist": 0,
        "waitlist_size": -1,
        "section_type": "L",
        "instructors": "C. Sogge",
        "semester": 4,
        "was_full": false
    }
},
{
    "model": "timetable.course",
    "pk": 423,
    "fields": {
        "school": "jhu",
        "code": "AS.110.106",
        "name": "Calculus I (Biology and Social Sciences)",
        "description": "Differential and integral calculus. Includes analytic geometry, functions, limits, integrals and derivatives, introduction to differential equations, functions of several variables, linear systems, applications for systems of linear differential equations, probability distributions. Many applications to the biological and social sciences will be discussed.",
        "notes": "",
        "info": "",
        "unstopped_description": "",
        "campus": "",
        "prerequisites": "",
        "corequisites": "",
        "exclusions": "",
        "num_credits": 4.0,
        "areas": "Q",
        "department": "AS Mathematics",
        "level": "100",
        "cores": null,
        "geneds": null,
        "same_as": null,
        "related_courses": [],
        "sub_school": "",
        "writing_intensive": "",
        "pos": []
    }
},
{
    "model": "timetable.course",
    "pk": 422,
    "fields": {
        "school": "jhu",
        "code": "AS.110.105",
        "name": "Introduction to Calculus",
        "description": "This course starts from scratch and provides students with all the background necessary for the study of calculus. It includes a review of algebra, trigonometry, exponential and logarithmic functions, coordinates and graphs. Each of these tools will be introduced in its cultural and historical context. The concept of the rate of change of a function will be introduced. Not open to students who have studied calculus in high school.",
        "notes": "",
        "info": "",
        "unstopped_description": "",
        "campus": "",
        "prerequisites": "",
        "corequisites": "",
        "exclusions": "",
        "num_credits": 4.0,
        "areas": "Q",
        "department": "AS Mathematics",
        "level": "100",
        "cores": null,
        "geneds": null,
        "same_as": null,
        "related_courses": [],
        "sub_school": "",
        "writing_intensive": "",
        "pos": []
    }
},
{
    "model": "timetable.course",
    "pk": 461,
    "fields": {
        "school": "jhu",
        "code": "AS.110.795",
        "name": "Seminar in Data Analysis",
        "description": "Presentations of current research papers by faculty, graduate students and invited guest speakers. For graduate students only.",
        "notes": "",
        "info": "",
        "unstopped_description": "",
        "campus": "",
        "prerequisites": "",
        "corequisites": "",
        "exclusions": "",
        "num_credits": 0.0,
        "areas": "Q",
        "department": "AS Mathematics",
        "level": "700",
        "cores": null,
        "geneds": null,
        "same_as": null,
        "related_courses": [],
        "sub_school": "",
        "writing_intensive": "",
        "pos": []
    }
},
{
    "model": "timetable.course",
    "pk": 460,
    "fields": {
        "school": "jhu",
        "code": "AS.110.793",
        "name": "Seminar in Topology",
        "description": "For graduate students only.  Presentations of current research papers by faculty, graduate students and invited guest speakers.",
        "notes": "",
        "info": "",
        "unstopped_description": "",
        "campus": "",
        "prerequisites": "",
        "corequisites": "",
        "exclusions": "",
        "num_credits": 4.0,
        "areas": "Q",
        "department": "AS Mathematics",
        "level": "700",
        "cores": null,
        "geneds": null,
        "same_as": null,
        "related_courses": [],
        "sub_school": "",
        "writing_intensive": "",
        "pos": []
    }
},
{
    "model": "timetable.course",
    "pk": 440,
    "fields": {
        "school": "jhu",
        "code": "AS.110.415",
        "name": "Honors Analysis I",
        "description": "This highly theoretical sequence in analysis is reserved for the most able students. The sequence covers the real number system, metric spaces, basic functional analysis, the Lebesgue integral, and other topics.",
        "notes": "",
        "info": "",
        "unstopped_description": "",
        "campus": "",
        "prerequisites": "",
        "corequisites": "",
        "exclusions": "",
        "num_credits": 4.0,
        "areas": "Q",
        "department": "AS Mathematics",
        "level": "400",
        "cores": null,
        "geneds": null,
        "same_as": null,
        "related_courses": [],
        "sub_school": "",
        "writing_intensive": "",
        "pos": []
    }
}
]
